{
    "info": {
        "_postman_id": "270bbc18-6e11-4fe1-8608-73d26c70f836",
        "name": "EVA SpeedTraders",
        "schema": "https://schema.getpostman.com/json/collection/v2.0.0/collection.json"
    },
    "item": [
        {
            "name": "Get all shares",
            "id": "61e2c32f-0f40-41e4-9c47-d7228d5d6c61",
            "request": {
                "method": "GET",
                "header": [],
                "url": "https://localhost:44351/getShareAmounts"
            },
            "response": []
        },
        {
            "name": "Get User",
            "id": "8bc93f5f-db62-4784-a184-c1c0b8b04633",
            "request": {
                "method": "GET",
                "header": [],
                "url": {
                    "raw": "https://localhost:44351/getUser/:userId",
                    "protocol": "https",
                    "host": [
                        "localhost"
                    ],
                    "port": "44351",
                    "path": [
                        "getUser",
                        ":userId"
                    ],
                    "variable": [
                        {
                            "key": "userId",
                            "value": "1"
                        }
                    ]
                }
            },
            "response": []
        },
        {
            "name": "Buy Shares",
            "id": "c19e4469-b692-456c-8a45-6b38d005e638",
            "request": {
                "method": "POST",
                "header": [],
                "body": {
                    "mode": "raw",
                    "raw": "{\r\n  \"userId\": 1,\r\n  \"walletId\": 1\r\n}",
                    "options": {
                        "raw": {
                            "language": "json"
                        }
                    }
                },
                "url": {
                    "raw": "https://localhost:44351/buyShares/:shareSymbol?amount=20",
                    "protocol": "https",
                    "host": [
                        "localhost"
                    ],
                    "port": "44351",
                    "path": [
                        "buyShares",
                        ":shareSymbol"
                    ],
                    "query": [
                        {
                            "key": "amount",
                            "value": "20"
                        }
                    ],
                    "variable": [
                        {
                            "key": "shareSymbol",
                            "value": "IPA"
                        }
                    ]
                }
            },
            "response": []
        },
        {
            "name": "Sell Shares",
            "id": "7a452355-1d15-4cbb-b5a7-425eaeb78ef8",
            "request": {
                "method": "POST",
                "header": [],
                "body": {
                    "mode": "raw",
                    "raw": "{\r\n  \"userId\": 1,\r\n  \"walletId\": 1\r\n}",
                    "options": {
                        "raw": {
                            "language": "json"
                        }
                    }
                },
                "url": {
                    "raw": "https://localhost:44351/sellShares/:shareSymbol?amount=20",
                    "protocol": "https",
                    "host": [
                        "localhost"
                    ],
                    "port": "44351",
                    "path": [
                        "sellShares",
                        ":shareSymbol"
                    ],
                    "query": [
                        {
                            "key": "amount",
                            "value": "20"
                        }
                    ],
                    "variable": [
                        {
                            "key": "shareSymbol",
                            "value": "IPA"
                        }
                    ]
                }
            },
            "response": []
        },
        {
            "name": "Get All Logs",
            "id": "ed6dfa6f-1793-437b-9e42-8e24efbc143c",
            "protocolProfileBehavior": {
                "disableBodyPruning": true
            },
            "request": {
                "method": "GET",
                "header": [],
                "body": {
                    "mode": "raw",
                    "raw": "{\r\n  \"userId\": 1,\r\n  \"walletId\": 1\r\n}",
                    "options": {
                        "raw": {
                            "language": "json"
                        }
                    }
                },
                "url": "https://localhost:44351/getAllLogs"
            },
            "response": []
        },
        {
            "name": "Get User Logs",
            "id": "09d65bfb-4881-40bf-bc8c-996a31307ac8",
            "protocolProfileBehavior": {
                "disableBodyPruning": true
            },
            "request": {
                "method": "GET",
                "header": [],
                "body": {
                    "mode": "raw",
                    "raw": "{\r\n  \"userId\": 1,\r\n  \"walletId\": 1\r\n}",
                    "options": {
                        "raw": {
                            "language": "json"
                        }
                    }
                },
                "url": {
                    "raw": "https://localhost:44351/getUserLogs/:id",
                    "protocol": "https",
                    "host": [
                        "localhost"
                    ],
                    "port": "44351",
                    "path": [
                        "getUserLogs",
                        ":id"
                    ],
                    "variable": [
                        {
                            "key": "id",
                            "value": "1"
                        }
                    ]
                }
            },
            "response": []
        }
    ]
}